"";"from";"to"
"1";1;3
"2";1;22
"3";1;29
"4";1;32
"5";1;36
"6";1;40
"7";1;44
"8";1;72
"9";1;86
"10";1;93
"11";1;97
"12";1;122
"13";1;126
"14";1;151
"15";1;152
"16";1;162
"17";1;181
"18";1;190
"19";1;193
"20";1;199
"21";1;223
"22";1;230
"23";1;249
"24";1;254
"25";1;256
"26";1;257
"27";1;262
"28";1;267
"29";1;278
"30";1;284
"31";1;302
"32";1;306
"33";1;310
"34";1;323
"35";1;325
"36";1;328
"37";1;333
"38";1;335
"39";1;336
"40";1;349
"41";1;357
"42";1;366
"43";1;379
"44";1;383
"45";2;153
"46";2;167
"47";3;20
"48";3;22
"49";3;29
"50";3;32
"51";3;36
"52";3;40
"53";3;44
"54";3;72
"55";3;86
"56";3;93
"57";3;97
"58";3;122
"59";3;126
"60";3;151
"61";3;152
"62";3;162
"63";3;181
"64";3;190
"65";3;193
"66";3;199
"67";3;223
"68";3;230
"69";3;249
"70";3;254
"71";3;256
"72";3;257
"73";3;262
"74";3;267
"75";3;278
"76";3;284
"77";3;302
"78";3;306
"79";3;310
"80";3;323
"81";3;324
"82";3;325
"83";3;328
"84";3;333
"85";3;335
"86";3;336
"87";3;349
"88";3;357
"89";3;366
"90";3;379
"91";3;383
"92";4;5
"93";4;79
"94";4;83
"95";5;11
"96";5;18
"97";5;23
"98";5;30
"99";5;79
"100";5;83
"101";5;131
"102";5;172
"103";5;178
"104";5;207
"105";5;218
"106";5;272
"107";5;320
"108";5;346
"109";5;363
"110";6;55
"111";6;73
"112";6;128
"113";6;147
"114";6;160
"115";6;270
"116";6;279
"117";6;300
"118";6;360
"119";6;361
"120";6;385
"121";7;24
"122";7;63
"123";7;64
"124";8;88
"125";8;226
"126";8;330
"127";9;38
"128";9;78
"129";9;103
"130";9;145
"131";9;197
"132";9;214
"133";9;233
"134";9;311
"135";10;29
"136";10;125
"137";10;126
"138";10;185
"139";10;304
"140";10;343
"141";11;18
"142";11;23
"143";11;30
"144";11;131
"145";11;172
"146";11;178
"147";11;207
"148";11;218
"149";11;272
"150";11;320
"151";11;346
"152";11;363
"153";12;13
"154";12;268
"155";13;268
"156";14;19
"157";14;87
"158";14;106
"159";14;254
"160";14;370
"161";15;313
"162";15;340
"163";16;21
"164";16;24
"165";16;63
"166";16;64
"167";16;79
"168";16;107
"169";16;120
"170";16;127
"171";16;134
"172";16;135
"173";16;182
"174";16;184
"175";16;198
"176";16;247
"177";16;265
"178";16;295
"179";16;299
"180";16;327
"181";16;332
"182";16;337
"183";16;359
"184";16;375
"185";16;381
"186";17;69
"187";17;80
"188";17;110
"189";17;194
"190";17;203
"191";17;315
"192";17;329
"193";18;23
"194";18;30
"195";18;131
"196";18;172
"197";18;178
"198";18;207
"199";18;218
"200";18;272
"201";18;320
"202";18;346
"203";18;363
"204";19;87
"205";19;106
"206";19;191
"207";19;254
"208";19;370
"209";20;152
"210";20;324
"211";21;24
"212";21;25
"213";21;52
"214";21;63
"215";21;64
"216";21;127
"217";21;155
"218";21;183
"219";21;184
"220";21;263
"221";21;265
"222";21;273
"223";21;277
"224";21;293
"225";21;312
"226";21;359
"227";21;375
"228";21;381
"229";22;29
"230";22;32
"231";22;36
"232";22;40
"233";22;44
"234";22;72
"235";22;86
"236";22;93
"237";22;97
"238";22;122
"239";22;126
"240";22;151
"241";22;152
"242";22;162
"243";22;181
"244";22;190
"245";22;193
"246";22;199
"247";22;223
"248";22;230
"249";22;249
"250";22;254
"251";22;256
"252";22;257
"253";22;262
"254";22;267
"255";22;278
"256";22;284
"257";22;302
"258";22;306
"259";22;310
"260";22;323
"261";22;325
"262";22;328
"263";22;333
"264";22;335
"265";22;336
"266";22;349
"267";22;357
"268";22;366
"269";22;379
"270";22;383
"271";23;30
"272";23;131
"273";23;172
"274";23;178
"275";23;207
"276";23;218
"277";23;272
"278";23;320
"279";23;346
"280";23;363
"281";24;63
"282";24;64
"283";24;127
"284";24;184
"285";24;265
"286";24;359
"287";24;375
"288";24;381
"289";25;63
"290";25;64
"291";25;127
"292";25;183
"293";25;265
"294";25;273
"295";25;375
"296";26;71
"297";26;243
"298";27;28
"299";27;341
"300";28;341
"301";29;32
"302";29;36
"303";29;40
"304";29;44
"305";29;72
"306";29;86
"307";29;93
"308";29;97
"309";29;122
"310";29;125
"311";29;126
"312";29;151
"313";29;152
"314";29;162
"315";29;181
"316";29;185
"317";29;190
"318";29;193
"319";29;199
"320";29;218
"321";29;223
"322";29;230
"323";29;249
"324";29;254
"325";29;256
"326";29;257
"327";29;262
"328";29;267
"329";29;278
"330";29;284
"331";29;302
"332";29;304
"333";29;306
"334";29;310
"335";29;319
"336";29;323
"337";29;325
"338";29;328
"339";29;333
"340";29;335
"341";29;336
"342";29;343
"343";29;349
"344";29;357
"345";29;366
"346";29;379
"347";29;383
"348";30;79
"349";30;94
"350";30;131
"351";30;172
"352";30;178
"353";30;207
"354";30;218
"355";30;272
"356";30;320
"357";30;346
"358";30;363
"359";31;104
"360";31;105
"361";31;225
"362";31;307
"363";31;387
"364";32;36
"365";32;40
"366";32;44
"367";32;72
"368";32;86
"369";32;93
"370";32;97
"371";32;122
"372";32;126
"373";32;151
"374";32;152
"375";32;162
"376";32;181
"377";32;190
"378";32;193
"379";32;199
"380";32;223
"381";32;230
"382";32;249
"383";32;254
"384";32;256
"385";32;257
"386";32;262
"387";32;267
"388";32;278
"389";32;284
"390";32;302
"391";32;306
"392";32;310
"393";32;323
"394";32;325
"395";32;328
"396";32;333
"397";32;335
"398";32;336
"399";32;349
"400";32;357
"401";32;366
"402";32;379
"403";32;383
"404";33;81
"405";33;131
"406";33;170
"407";33;255
"408";34;121
"409";34;139
"410";35;56
"411";35;82
"412";35;111
"413";35;117
"414";35;128
"415";35;147
"416";35;270
"417";35;301
"418";35;361
"419";35;385
"420";36;40
"421";36;44
"422";36;47
"423";36;72
"424";36;86
"425";36;93
"426";36;97
"427";36;122
"428";36;126
"429";36;151
"430";36;152
"431";36;162
"432";36;181
"433";36;190
"434";36;193
"435";36;199
"436";36;223
"437";36;230
"438";36;249
"439";36;254
"440";36;256
"441";36;257
"442";36;262
"443";36;267
"444";36;278
"445";36;284
"446";36;302
"447";36;306
"448";36;310
"449";36;323
"450";36;325
"451";36;328
"452";36;333
"453";36;335
"454";36;336
"455";36;349
"456";36;357
"457";36;366
"458";36;379
"459";36;383
"460";37;85
"461";37;276
"462";37;280
"463";37;386
"464";38;78
"465";38;103
"466";38;145
"467";38;197
"468";38;214
"469";38;233
"470";38;311
"471";39;48
"472";39;65
"473";39;381
"474";40;44
"475";40;72
"476";40;86
"477";40;93
"478";40;97
"479";40;122
"480";40;126
"481";40;151
"482";40;152
"483";40;162
"484";40;181
"485";40;190
"486";40;193
"487";40;199
"488";40;223
"489";40;230
"490";40;249
"491";40;254
"492";40;256
"493";40;257
"494";40;262
"495";40;267
"496";40;278
"497";40;284
"498";40;302
"499";40;306
"500";40;310
"501";40;323
"502";40;325
"503";40;328
"504";40;333
"505";40;335
"506";40;336
"507";40;349
"508";40;357
"509";40;366
"510";40;379
"511";40;383
"512";41;84
"513";41;161
"514";41;192
"515";41;221
"516";42;137
"517";42;173
"518";42;174
"519";42;177
"520";42;195
"521";42;212
"522";42;222
"523";42;291
"524";43;60
"525";43;67
"526";43;206
"527";43;298
"528";43;348
"529";44;72
"530";44;86
"531";44;93
"532";44;97
"533";44;122
"534";44;126
"535";44;151
"536";44;152
"537";44;162
"538";44;181
"539";44;190
"540";44;193
"541";44;199
"542";44;223
"543";44;230
"544";44;249
"545";44;254
"546";44;256
"547";44;257
"548";44;262
"549";44;267
"550";44;278
"551";44;284
"552";44;302
"553";44;306
"554";44;310
"555";44;323
"556";44;325
"557";44;328
"558";44;333
"559";44;335
"560";44;336
"561";44;349
"562";44;357
"563";44;366
"564";44;379
"565";44;383
"566";45;50
"567";45;89
"568";45;180
"569";45;196
"570";45;228
"571";45;245
"572";45;248
"573";45;290
"574";45;372
"575";45;377
"576";46;53
"577";46;62
"578";46;100
"579";46;122
"580";46;124
"581";46;205
"582";46;227
"583";46;250
"584";46;252
"585";46;264
"586";46;274
"587";46;294
"588";46;325
"589";46;354
"590";47;335
"591";48;65
"592";48;381
"593";49;72
"594";49;138
"595";49;282
"596";49;353
"597";49;364
"598";50;89
"599";50;180
"600";50;228
"601";50;372
"602";51;157
"603";51;166
"604";51;318
"605";52;155
"606";52;263
"607";52;277
"608";52;293
"609";52;312
"610";53;62
"611";53;100
"612";53;122
"613";53;124
"614";53;205
"615";53;227
"616";53;250
"617";53;252
"618";53;264
"619";53;274
"620";53;294
"621";53;325
"622";53;354
"623";54;119
"624";54;133
"625";54;369
"626";55;59
"627";55;61
"628";55;73
"629";55;77
"630";55;113
"631";55;116
"632";55;128
"633";55;142
"634";55;146
"635";55;147
"636";55;160
"637";55;189
"638";55;240
"639";55;246
"640";55;269
"641";55;270
"642";55;275
"643";55;279
"644";55;300
"645";55;326
"646";55;338
"647";55;356
"648";55;360
"649";55;361
"650";55;385
"651";56;82
"652";56;111
"653";56;117
"654";56;128
"655";56;147
"656";56;270
"657";56;301
"658";56;361
"659";56;385
"660";57;72
"661";57;132
"662";57;210
"663";57;251
"664";57;253
"665";57;260
"666";57;322
"667";57;339
"668";58;95
"669";58;136
"670";59;61
"671";59;77
"672";59;113
"673";59;116
"674";59;128
"675";59;142
"676";59;146
"677";59;147
"678";59;189
"679";59;240
"680";59;246
"681";59;269
"682";59;270
"683";59;275
"684";59;300
"685";59;326
"686";59;338
"687";59;356
"688";59;361
"689";59;385
"690";60;67
"691";60;206
"692";60;298
"693";60;348
"694";61;77
"695";61;113
"696";61;116
"697";61;128
"698";61;142
"699";61;146
"700";61;147
"701";61;189
"702";61;240
"703";61;246
"704";61;269
"705";61;270
"706";61;275
"707";61;300
"708";61;326
"709";61;338
"710";61;356
"711";61;361
"712";61;385
"713";62;100
"714";62;122
"715";62;124
"716";62;205
"717";62;227
"718";62;250
"719";62;252
"720";62;264
"721";62;274
"722";62;294
"723";62;325
"724";62;354
"725";63;64
"726";63;127
"727";63;183
"728";63;184
"729";63;265
"730";63;273
"731";63;359
"732";63;375
"733";63;381
"734";64;127
"735";64;128
"736";64;147
"737";64;160
"738";64;183
"739";64;184
"740";64;200
"741";64;232
"742";64;265
"743";64;270
"744";64;273
"745";64;300
"746";64;358
"747";64;359
"748";64;361
"749";64;375
"750";64;381
"751";64;385
"752";65;381
"753";66;143
"754";66;158
"755";66;179
"756";66;217
"757";66;288
"758";67;206
"759";67;298
"760";67;348
"761";68;202
"762";68;287
"763";69;80
"764";69;110
"765";69;194
"766";69;203
"767";69;315
"768";69;329
"769";70;114
"770";70;141
"771";70;266
"772";70;309
"773";70;352
"774";71;243
"775";72;86
"776";72;93
"777";72;97
"778";72;120
"779";72;122
"780";72;126
"781";72;132
"782";72;138
"783";72;151
"784";72;152
"785";72;162
"786";72;169
"787";72;171
"788";72;175
"789";72;181
"790";72;190
"791";72;193
"792";72;199
"793";72;207
"794";72;208
"795";72;210
"796";72;211
"797";72;218
"798";72;223
"799";72;224
"800";72;230
"801";72;249
"802";72;251
"803";72;253
"804";72;254
"805";72;256
"806";72;257
"807";72;258
"808";72;260
"809";72;262
"810";72;267
"811";72;272
"812";72;278
"813";72;282
"814";72;284
"815";72;302
"816";72;306
"817";72;310
"818";72;320
"819";72;322
"820";72;323
"821";72;325
"822";72;328
"823";72;332
"824";72;333
"825";72;335
"826";72;336
"827";72;339
"828";72;346
"829";72;349
"830";72;353
"831";72;357
"832";72;363
"833";72;364
"834";72;366
"835";72;379
"836";72;383
"837";73;128
"838";73;147
"839";73;160
"840";73;270
"841";73;279
"842";73;300
"843";73;360
"844";73;361
"845";73;385
"846";74;90
"847";74;234
"848";75;109
"849";75;373
"850";76;271
"851";76;305
"852";76;347
"853";76;350
"854";76;351
"855";76;380
"856";77;113
"857";77;116
"858";77;128
"859";77;142
"860";77;146
"861";77;147
"862";77;189
"863";77;240
"864";77;246
"865";77;269
"866";77;270
"867";77;275
"868";77;300
"869";77;326
"870";77;338
"871";77;356
"872";77;361
"873";77;385
"874";78;103
"875";78;145
"876";78;197
"877";78;214
"878";78;233
"879";78;311
"880";79;83
"881";79;94
"882";79;96
"883";79;120
"884";79;134
"885";79;182
"886";79;195
"887";79;198
"888";79;209
"889";79;295
"890";79;299
"891";79;327
"892";79;332
"893";80;110
"894";80;194
"895";80;203
"896";80;315
"897";80;329
"898";81;131
"899";81;170
"900";81;255
"901";82;111
"902";82;117
"903";82;128
"904";82;147
"905";82;270
"906";82;301
"907";82;361
"908";82;385
"909";84;161
"910";84;192
"911";84;221
"912";85;276
"913";85;280
"914";85;386
"915";86;93
"916";86;97
"917";86;122
"918";86;126
"919";86;151
"920";86;152
"921";86;162
"922";86;181
"923";86;190
"924";86;193
"925";86;199
"926";86;223
"927";86;230
"928";86;249
"929";86;254
"930";86;256
"931";86;257
"932";86;262
"933";86;267
"934";86;278
"935";86;284
"936";86;302
"937";86;306
"938";86;310
"939";86;323
"940";86;325
"941";86;328
"942";86;333
"943";86;335
"944";86;336
"945";86;349
"946";86;357
"947";86;366
"948";86;379
"949";86;383
"950";87;106
"951";87;254
"952";87;370
"953";88;226
"954";88;330
"955";89;180
"956";89;228
"957";89;372
"958";90;234
"959";91;281
"960";92;355
"961";93;97
"962";93;122
"963";93;126
"964";93;151
"965";93;152
"966";93;162
"967";93;181
"968";93;190
"969";93;193
"970";93;199
"971";93;223
"972";93;230
"973";93;249
"974";93;254
"975";93;256
"976";93;257
"977";93;262
"978";93;267
"979";93;278
"980";93;284
"981";93;302
"982";93;306
"983";93;310
"984";93;323
"985";93;325
"986";93;328
"987";93;333
"988";93;335
"989";93;336
"990";93;349
"991";93;357
"992";93;366
"993";93;379
"994";93;383
"995";95;136
"996";96;112
"997";96;187
"998";96;188
"999";96;195
"1000";96;209
"1001";96;344
"1002";97;122
"1003";97;126
"1004";97;151
"1005";97;152
"1006";97;162
"1007";97;181
"1008";97;190
"1009";97;193
"1010";97;199
"1011";97;223
"1012";97;230
"1013";97;249
"1014";97;254
"1015";97;256
"1016";97;257
"1017";97;262
"1018";97;267
"1019";97;278
"1020";97;284
"1021";97;302
"1022";97;306
"1023";97;310
"1024";97;323
"1025";97;325
"1026";97;328
"1027";97;333
"1028";97;335
"1029";97;336
"1030";97;349
"1031";97;357
"1032";97;366
"1033";97;379
"1034";97;383
"1035";98;115
"1036";98;384
"1037";98;390
"1038";99;114
"1039";100;122
"1040";100;124
"1041";100;205
"1042";100;227
"1043";100;250
"1044";100;252
"1045";100;264
"1046";100;274
"1047";100;294
"1048";100;325
"1049";100;354
"1050";101;154
"1051";101;345
"1052";102;204
"1053";102;219
"1054";102;244
"1055";102;283
"1056";102;289
"1057";102;297
"1058";102;331
"1059";102;342
"1060";102;362
"1061";102;382
"1062";103;145
"1063";103;197
"1064";103;214
"1065";103;233
"1066";103;311
"1067";104;105
"1068";104;225
"1069";104;307
"1070";104;387
"1071";105;225
"1072";105;307
"1073";105;387
"1074";106;254
"1075";106;370
"1076";107;135
"1077";107;247
"1078";107;337
"1079";107;381
"1080";108;239
"1081";108;293
"1082";108;321
"1083";108;371
"1084";109;373
"1085";110;194
"1086";110;203
"1087";110;315
"1088";110;329
"1089";111;117
"1090";111;128
"1091";111;147
"1092";111;270
"1093";111;301
"1094";111;361
"1095";111;385
"1096";112;187
"1097";112;188
"1098";112;195
"1099";112;209
"1100";112;344
"1101";113;116
"1102";113;128
"1103";113;142
"1104";113;146
"1105";113;147
"1106";113;189
"1107";113;240
"1108";113;246
"1109";113;269
"1110";113;270
"1111";113;275
"1112";113;300
"1113";113;326
"1114";113;338
"1115";113;356
"1116";113;361
"1117";113;385
"1118";114;141
"1119";114;266
"1120";114;309
"1121";114;352
"1122";115;384
"1123";115;390
"1124";116;128
"1125";116;142
"1126";116;146
"1127";116;147
"1128";116;189
"1129";116;240
"1130";116;246
"1131";116;269
"1132";116;270
"1133";116;275
"1134";116;300
"1135";116;326
"1136";116;338
"1137";116;356
"1138";116;361
"1139";116;385
"1140";117;128
"1141";117;147
"1142";117;270
"1143";117;301
"1144";117;361
"1145";117;385
"1146";118;123
"1147";119;133
"1148";119;369
"1149";120;134
"1150";120;175
"1151";120;182
"1152";120;198
"1153";120;208
"1154";120;295
"1155";120;299
"1156";120;327
"1157";120;332
"1158";120;353
"1159";120;364
"1160";121;139
"1161";122;124
"1162";122;126
"1163";122;151
"1164";122;152
"1165";122;162
"1166";122;181
"1167";122;190
"1168";122;193
"1169";122;199
"1170";122;205
"1171";122;223
"1172";122;227
"1173";122;230
"1174";122;249
"1175";122;250
"1176";122;252
"1177";122;254
"1178";122;256
"1179";122;257
"1180";122;262
"1181";122;264
"1182";122;267
"1183";122;274
"1184";122;278
"1185";122;284
"1186";122;294
"1187";122;302
"1188";122;306
"1189";122;310
"1190";122;323
"1191";122;325
"1192";122;328
"1193";122;333
"1194";122;335
"1195";122;336
"1196";122;349
"1197";122;354
"1198";122;357
"1199";122;366
"1200";122;379
"1201";122;383
"1202";124;205
"1203";124;227
"1204";124;250
"1205";124;252
"1206";124;264
"1207";124;274
"1208";124;294
"1209";124;325
"1210";124;354
"1211";125;126
"1212";125;185
"1213";125;304
"1214";125;343
"1215";126;140
"1216";126;151
"1217";126;152
"1218";126;162
"1219";126;181
"1220";126;185
"1221";126;190
"1222";126;193
"1223";126;199
"1224";126;218
"1225";126;223
"1226";126;230
"1227";126;249
"1228";126;254
"1229";126;256
"1230";126;257
"1231";126;262
"1232";126;267
"1233";126;278
"1234";126;284
"1235";126;302
"1236";126;304
"1237";126;306
"1238";126;310
"1239";126;319
"1240";126;323
"1241";126;325
"1242";126;328
"1243";126;333
"1244";126;335
"1245";126;336
"1246";126;343
"1247";126;349
"1248";126;357
"1249";126;366
"1250";126;379
"1251";126;383
"1252";127;183
"1253";127;184
"1254";127;265
"1255";127;273
"1256";127;359
"1257";127;375
"1258";127;381
"1259";128;142
"1260";128;146
"1261";128;147
"1262";128;156
"1263";128;160
"1264";128;189
"1265";128;200
"1266";128;232
"1267";128;240
"1268";128;246
"1269";128;269
"1270";128;270
"1271";128;275
"1272";128;279
"1273";128;300
"1274";128;301
"1275";128;326
"1276";128;338
"1277";128;356
"1278";128;358
"1279";128;360
"1280";128;361
"1281";128;375
"1282";128;376
"1283";128;385
"1284";129;150
"1285";129;164
"1286";129;165
"1287";129;168
"1288";129;176
"1289";129;229
"1290";129;316
"1291";131;170
"1292";131;172
"1293";131;178
"1294";131;207
"1295";131;218
"1296";131;255
"1297";131;272
"1298";131;320
"1299";131;346
"1300";131;363
"1301";132;169
"1302";132;210
"1303";132;211
"1304";132;251
"1305";132;253
"1306";132;260
"1307";132;322
"1308";132;339
"1309";133;369
"1310";134;182
"1311";134;198
"1312";134;295
"1313";134;299
"1314";134;327
"1315";134;332
"1316";135;247
"1317";135;337
"1318";135;381
"1319";137;173
"1320";137;174
"1321";137;177
"1322";137;195
"1323";137;212
"1324";137;222
"1325";137;291
"1326";138;282
"1327";138;353
"1328";138;364
"1329";140;343
"1330";141;266
"1331";141;309
"1332";142;146
"1333";142;147
"1334";142;189
"1335";142;240
"1336";142;246
"1337";142;269
"1338";142;270
"1339";142;275
"1340";142;300
"1341";142;326
"1342";142;338
"1343";142;356
"1344";142;361
"1345";142;385
"1346";143;158
"1347";143;179
"1348";145;197
"1349";145;214
"1350";145;233
"1351";145;311
"1352";146;147
"1353";146;189
"1354";146;240
"1355";146;246
"1356";146;269
"1357";146;270
"1358";146;275
"1359";146;300
"1360";146;326
"1361";146;338
"1362";146;356
"1363";146;361
"1364";146;385
"1365";147;156
"1366";147;160
"1367";147;189
"1368";147;200
"1369";147;201
"1370";147;220
"1371";147;232
"1372";147;240
"1373";147;246
"1374";147;269
"1375";147;270
"1376";147;275
"1377";147;279
"1378";147;300
"1379";147;301
"1380";147;326
"1381";147;338
"1382";147;356
"1383";147;358
"1384";147;360
"1385";147;361
"1386";147;375
"1387";147;385
"1388";148;292
"1389";148;296
"1390";148;368
"1391";149;163
"1392";149;171
"1393";149;285
"1394";149;308
"1395";149;363
"1396";149;388
"1397";150;164
"1398";150;165
"1399";150;168
"1400";150;176
"1401";150;229
"1402";150;316
"1403";151;152
"1404";151;162
"1405";151;181
"1406";151;190
"1407";151;193
"1408";151;199
"1409";151;223
"1410";151;230
"1411";151;249
"1412";151;254
"1413";151;256
"1414";151;257
"1415";151;262
"1416";151;267
"1417";151;278
"1418";151;284
"1419";151;302
"1420";151;306
"1421";151;310
"1422";151;323
"1423";151;325
"1424";151;328
"1425";151;333
"1426";151;335
"1427";151;336
"1428";151;349
"1429";151;357
"1430";151;366
"1431";151;379
"1432";151;383
"1433";152;162
"1434";152;181
"1435";152;190
"1436";152;193
"1437";152;199
"1438";152;223
"1439";152;230
"1440";152;249
"1441";152;254
"1442";152;256
"1443";152;257
"1444";152;262
"1445";152;267
"1446";152;278
"1447";152;284
"1448";152;302
"1449";152;306
"1450";152;310
"1451";152;323
"1452";152;324
"1453";152;325
"1454";152;328
"1455";152;333
"1456";152;335
"1457";152;336
"1458";152;349
"1459";152;357
"1460";152;366
"1461";152;379
"1462";152;383
"1463";153;167
"1464";154;345
"1465";155;263
"1466";155;277
"1467";155;293
"1468";155;312
"1469";156;160
"1470";156;200
"1471";156;201
"1472";156;220
"1473";156;270
"1474";156;300
"1475";156;358
"1476";156;360
"1477";156;361
"1478";156;376
"1479";156;385
"1480";157;166
"1481";157;318
"1482";158;179
"1483";160;200
"1484";160;201
"1485";160;220
"1486";160;232
"1487";160;270
"1488";160;279
"1489";160;300
"1490";160;358
"1491";160;360
"1492";160;361
"1493";160;375
"1494";160;376
"1495";160;385
"1496";161;192
"1497";161;221
"1498";162;181
"1499";162;190
"1500";162;193
"1501";162;199
"1502";162;223
"1503";162;230
"1504";162;249
"1505";162;254
"1506";162;256
"1507";162;257
"1508";162;262
"1509";162;267
"1510";162;278
"1511";162;284
"1512";162;302
"1513";162;306
"1514";162;310
"1515";162;323
"1516";162;325
"1517";162;328
"1518";162;333
"1519";162;335
"1520";162;336
"1521";162;349
"1522";162;357
"1523";162;366
"1524";162;379
"1525";162;383
"1526";163;171
"1527";163;285
"1528";163;308
"1529";163;363
"1530";163;388
"1531";164;165
"1532";164;168
"1533";164;176
"1534";164;229
"1535";164;316
"1536";165;168
"1537";165;176
"1538";165;229
"1539";165;316
"1540";166;318
"1541";168;176
"1542";168;229
"1543";168;316
"1544";169;211
"1545";169;260
"1546";169;339
"1547";170;255
"1548";171;207
"1549";171;218
"1550";171;272
"1551";171;285
"1552";171;320
"1553";171;346
"1554";171;363
"1555";171;388
"1556";172;178
"1557";172;207
"1558";172;218
"1559";172;272
"1560";172;320
"1561";172;346
"1562";172;363
"1563";173;177
"1564";173;195
"1565";173;212
"1566";173;222
"1567";173;291
"1568";174;177
"1569";174;195
"1570";174;212
"1571";174;222
"1572";175;208
"1573";175;332
"1574";175;353
"1575";175;364
"1576";176;229
"1577";176;316
"1578";177;195
"1579";177;212
"1580";177;222
"1581";177;291
"1582";178;207
"1583";178;218
"1584";178;272
"1585";178;320
"1586";178;346
"1587";178;363
"1588";179;217
"1589";179;288
"1590";180;228
"1591";180;372
"1592";181;190
"1593";181;193
"1594";181;199
"1595";181;223
"1596";181;230
"1597";181;249
"1598";181;254
"1599";181;256
"1600";181;257
"1601";181;262
"1602";181;267
"1603";181;278
"1604";181;284
"1605";181;302
"1606";181;306
"1607";181;310
"1608";181;323
"1609";181;325
"1610";181;328
"1611";181;333
"1612";181;335
"1613";181;336
"1614";181;349
"1615";181;357
"1616";181;366
"1617";181;379
"1618";181;383
"1619";182;198
"1620";182;295
"1621";182;299
"1622";182;327
"1623";182;332
"1624";183;265
"1625";183;273
"1626";183;375
"1627";184;265
"1628";184;359
"1629";184;375
"1630";184;381
"1631";185;304
"1632";185;343
"1633";187;188
"1634";187;195
"1635";187;209
"1636";187;344
"1637";188;195
"1638";188;209
"1639";188;344
"1640";189;240
"1641";189;246
"1642";189;269
"1643";189;270
"1644";189;275
"1645";189;300
"1646";189;326
"1647";189;338
"1648";189;356
"1649";189;361
"1650";189;385
"1651";190;193
"1652";190;199
"1653";190;223
"1654";190;230
"1655";190;249
"1656";190;254
"1657";190;256
"1658";190;257
"1659";190;262
"1660";190;267
"1661";190;278
"1662";190;284
"1663";190;302
"1664";190;306
"1665";190;310
"1666";190;323
"1667";190;325
"1668";190;328
"1669";190;333
"1670";190;335
"1671";190;336
"1672";190;349
"1673";190;357
"1674";190;366
"1675";190;379
"1676";190;383
"1677";192;221
"1678";193;199
"1679";193;223
"1680";193;230
"1681";193;249
"1682";193;254
"1683";193;256
"1684";193;257
"1685";193;262
"1686";193;267
"1687";193;278
"1688";193;284
"1689";193;302
"1690";193;306
"1691";193;310
"1692";193;323
"1693";193;325
"1694";193;328
"1695";193;333
"1696";193;335
"1697";193;336
"1698";193;349
"1699";193;357
"1700";193;366
"1701";193;379
"1702";193;383
"1703";194;203
"1704";194;315
"1705";194;329
"1706";195;209
"1707";195;212
"1708";195;222
"1709";195;291
"1710";195;344
"1711";196;228
"1712";196;245
"1713";196;248
"1714";196;290
"1715";196;372
"1716";196;377
"1717";197;214
"1718";197;233
"1719";197;311
"1720";198;295
"1721";198;299
"1722";198;327
"1723";198;332
"1724";199;223
"1725";199;230
"1726";199;249
"1727";199;254
"1728";199;256
"1729";199;257
"1730";199;262
"1731";199;267
"1732";199;278
"1733";199;284
"1734";199;302
"1735";199;306
"1736";199;310
"1737";199;323
"1738";199;325
"1739";199;328
"1740";199;333
"1741";199;335
"1742";199;336
"1743";199;349
"1744";199;357
"1745";199;366
"1746";199;379
"1747";199;383
"1748";200;232
"1749";200;270
"1750";200;300
"1751";200;358
"1752";200;360
"1753";200;361
"1754";200;375
"1755";200;376
"1756";200;385
"1757";201;220
"1758";201;270
"1759";201;300
"1760";201;361
"1761";201;385
"1762";202;287
"1763";203;315
"1764";203;329
"1765";204;219
"1766";204;244
"1767";204;283
"1768";204;289
"1769";204;297
"1770";204;331
"1771";204;342
"1772";204;362
"1773";204;382
"1774";205;227
"1775";205;250
"1776";205;252
"1777";205;264
"1778";205;274
"1779";205;294
"1780";205;325
"1781";205;354
"1782";206;298
"1783";206;348
"1784";207;218
"1785";207;272
"1786";207;320
"1787";207;346
"1788";207;363
"1789";208;332
"1790";208;353
"1791";208;364
"1792";209;344
"1793";210;260
"1794";210;322
"1795";210;339
"1796";211;224
"1797";211;258
"1798";211;260
"1799";211;322
"1800";211;339
"1801";212;222
"1802";212;291
"1803";214;233
"1804";214;311
"1805";215;237
"1806";216;286
"1807";216;303
"1808";216;367
"1809";217;288
"1810";218;272
"1811";218;319
"1812";218;320
"1813";218;346
"1814";218;363
"1815";219;244
"1816";219;283
"1817";219;289
"1818";219;297
"1819";219;331
"1820";219;342
"1821";219;362
"1822";219;382
"1823";220;270
"1824";220;300
"1825";220;361
"1826";220;385
"1827";222;291
"1828";223;230
"1829";223;249
"1830";223;254
"1831";223;256
"1832";223;257
"1833";223;262
"1834";223;267
"1835";223;278
"1836";223;284
"1837";223;302
"1838";223;306
"1839";223;310
"1840";223;323
"1841";223;325
"1842";223;328
"1843";223;333
"1844";223;335
"1845";223;336
"1846";223;349
"1847";223;357
"1848";223;366
"1849";223;379
"1850";223;383
"1851";224;258
"1852";224;322
"1853";225;307
"1854";225;387
"1855";226;330
"1856";227;250
"1857";227;252
"1858";227;264
"1859";227;274
"1860";227;294
"1861";227;325
"1862";227;354
"1863";228;245
"1864";228;248
"1865";228;290
"1866";228;372
"1867";228;377
"1868";229;316
"1869";230;249
"1870";230;254
"1871";230;256
"1872";230;257
"1873";230;262
"1874";230;267
"1875";230;278
"1876";230;284
"1877";230;302
"1878";230;306
"1879";230;310
"1880";230;323
"1881";230;325
"1882";230;328
"1883";230;333
"1884";230;335
"1885";230;336
"1886";230;349
"1887";230;357
"1888";230;366
"1889";230;379
"1890";230;383
"1891";231;235
"1892";231;238
"1893";231;317
"1894";231;365
"1895";231;389
"1896";232;270
"1897";232;300
"1898";232;358
"1899";232;361
"1900";232;375
"1901";232;385
"1902";233;311
"1903";235;238
"1904";235;317
"1905";235;365
"1906";235;389
"1907";236;242
"1908";236;259
"1909";236;261
"1910";238;317
"1911";238;365
"1912";238;389
"1913";239;293
"1914";239;321
"1915";239;371
"1916";240;246
"1917";240;269
"1918";240;270
"1919";240;275
"1920";240;300
"1921";240;326
"1922";240;338
"1923";240;356
"1924";240;361
"1925";240;385
"1926";241;374
"1927";242;259
"1928";242;261
"1929";244;283
"1930";244;289
"1931";244;297
"1932";244;331
"1933";244;342
"1934";244;362
"1935";244;382
"1936";245;248
"1937";245;290
"1938";245;372
"1939";245;377
"1940";246;269
"1941";246;270
"1942";246;275
"1943";246;300
"1944";246;326
"1945";246;338
"1946";246;356
"1947";246;361
"1948";246;385
"1949";247;337
"1950";247;381
"1951";248;290
"1952";248;372
"1953";248;377
"1954";249;254
"1955";249;256
"1956";249;257
"1957";249;262
"1958";249;267
"1959";249;278
"1960";249;284
"1961";249;302
"1962";249;306
"1963";249;310
"1964";249;323
"1965";249;325
"1966";249;328
"1967";249;333
"1968";249;335
"1969";249;336
"1970";249;349
"1971";249;357
"1972";249;366
"1973";249;379
"1974";249;383
"1975";250;252
"1976";250;264
"1977";250;274
"1978";250;294
"1979";250;325
"1980";250;354
"1981";251;253
"1982";251;322
"1983";252;264
"1984";252;274
"1985";252;294
"1986";252;325
"1987";252;354
"1988";253;322
"1989";254;256
"1990";254;257
"1991";254;262
"1992";254;267
"1993";254;278
"1994";254;284
"1995";254;302
"1996";254;306
"1997";254;310
"1998";254;323
"1999";254;325
"2000";254;328
"2001";254;333
"2002";254;335
"2003";254;336
"2004";254;349
"2005";254;357
"2006";254;366
"2007";254;370
"2008";254;379
"2009";254;383
"2010";256;257
"2011";256;262
"2012";256;267
"2013";256;278
"2014";256;284
"2015";256;302
"2016";256;306
"2017";256;310
"2018";256;323
"2019";256;325
"2020";256;328
"2021";256;333
"2022";256;335
"2023";256;336
"2024";256;349
"2025";256;357
"2026";256;366
"2027";256;379
"2028";256;383
"2029";257;262
"2030";257;267
"2031";257;278
"2032";257;284
"2033";257;302
"2034";257;306
"2035";257;310
"2036";257;323
"2037";257;325
"2038";257;328
"2039";257;333
"2040";257;335
"2041";257;336
"2042";257;349
"2043";257;357
"2044";257;366
"2045";257;379
"2046";257;383
"2047";258;322
"2048";259;261
"2049";260;322
"2050";260;339
"2051";262;267
"2052";262;278
"2053";262;284
"2054";262;302
"2055";262;306
"2056";262;310
"2057";262;323
"2058";262;325
"2059";262;328
"2060";262;333
"2061";262;335
"2062";262;336
"2063";262;349
"2064";262;357
"2065";262;366
"2066";262;379
"2067";262;383
"2068";263;277
"2069";263;293
"2070";263;312
"2071";264;274
"2072";264;294
"2073";264;325
"2074";264;354
"2075";265;273
"2076";265;359
"2077";265;375
"2078";265;381
"2079";266;309
"2080";266;352
"2081";267;278
"2082";267;284
"2083";267;302
"2084";267;306
"2085";267;310
"2086";267;323
"2087";267;325
"2088";267;328
"2089";267;333
"2090";267;335
"2091";267;336
"2092";267;349
"2093";267;357
"2094";267;366
"2095";267;379
"2096";267;383
"2097";269;270
"2098";269;275
"2099";269;300
"2100";269;326
"2101";269;338
"2102";269;356
"2103";269;361
"2104";269;385
"2105";270;275
"2106";270;279
"2107";270;300
"2108";270;301
"2109";270;326
"2110";270;338
"2111";270;356
"2112";270;358
"2113";270;360
"2114";270;361
"2115";270;375
"2116";270;376
"2117";270;385
"2118";271;305
"2119";271;347
"2120";271;350
"2121";271;351
"2122";271;380
"2123";272;320
"2124";272;346
"2125";272;363
"2126";273;375
"2127";274;294
"2128";274;325
"2129";274;354
"2130";275;300
"2131";275;326
"2132";275;338
"2133";275;356
"2134";275;361
"2135";275;385
"2136";276;280
"2137";276;386
"2138";277;293
"2139";277;312
"2140";278;284
"2141";278;302
"2142";278;306
"2143";278;310
"2144";278;323
"2145";278;325
"2146";278;328
"2147";278;333
"2148";278;335
"2149";278;336
"2150";278;349
"2151";278;357
"2152";278;366
"2153";278;379
"2154";278;383
"2155";279;300
"2156";279;360
"2157";279;361
"2158";279;385
"2159";280;386
"2160";282;353
"2161";282;364
"2162";283;289
"2163";283;297
"2164";283;331
"2165";283;342
"2166";283;362
"2167";283;382
"2168";284;302
"2169";284;306
"2170";284;310
"2171";284;323
"2172";284;325
"2173";284;328
"2174";284;333
"2175";284;335
"2176";284;336
"2177";284;349
"2178";284;357
"2179";284;366
"2180";284;379
"2181";284;383
"2182";285;363
"2183";285;388
"2184";286;303
"2185";286;367
"2186";289;297
"2187";289;331
"2188";289;342
"2189";289;362
"2190";289;382
"2191";290;372
"2192";290;377
"2193";292;296
"2194";292;368
"2195";293;312
"2196";293;321
"2197";293;371
"2198";294;325
"2199";294;354
"2200";295;299
"2201";295;327
"2202";295;332
"2203";296;368
"2204";297;331
"2205";297;342
"2206";297;362
"2207";297;382
"2208";298;348
"2209";299;327
"2210";299;332
"2211";300;326
"2212";300;338
"2213";300;356
"2214";300;358
"2215";300;360
"2216";300;361
"2217";300;375
"2218";300;376
"2219";300;385
"2220";301;361
"2221";301;385
"2222";302;306
"2223";302;310
"2224";302;323
"2225";302;325
"2226";302;328
"2227";302;333
"2228";302;335
"2229";302;336
"2230";302;349
"2231";302;357
"2232";302;366
"2233";302;379
"2234";302;383
"2235";303;367
"2236";304;343
"2237";305;347
"2238";305;350
"2239";305;351
"2240";305;380
"2241";306;310
"2242";306;323
"2243";306;325
"2244";306;328
"2245";306;333
"2246";306;335
"2247";306;336
"2248";306;349
"2249";306;357
"2250";306;366
"2251";306;379
"2252";306;383
"2253";307;387
"2254";309;352
"2255";310;323
"2256";310;325
"2257";310;328
"2258";310;333
"2259";310;335
"2260";310;336
"2261";310;349
"2262";310;357
"2263";310;366
"2264";310;379
"2265";310;383
"2266";313;340
"2267";314;334
"2268";315;329
"2269";317;365
"2270";317;389
"2271";320;346
"2272";320;363
"2273";321;371
"2274";322;339
"2275";323;325
"2276";323;328
"2277";323;333
"2278";323;335
"2279";323;336
"2280";323;349
"2281";323;357
"2282";323;366
"2283";323;379
"2284";323;383
"2285";325;328
"2286";325;333
"2287";325;335
"2288";325;336
"2289";325;349
"2290";325;354
"2291";325;357
"2292";325;366
"2293";325;379
"2294";325;383
"2295";326;338
"2296";326;356
"2297";326;361
"2298";326;385
"2299";327;332
"2300";328;333
"2301";328;335
"2302";328;336
"2303";328;349
"2304";328;357
"2305";328;366
"2306";328;379
"2307";328;383
"2308";331;342
"2309";331;362
"2310";331;382
"2311";332;353
"2312";332;364
"2313";333;335
"2314";333;336
"2315";333;349
"2316";333;357
"2317";333;366
"2318";333;379
"2319";333;383
"2320";335;336
"2321";335;349
"2322";335;357
"2323";335;366
"2324";335;379
"2325";335;383
"2326";336;349
"2327";336;357
"2328";336;366
"2329";336;379
"2330";336;383
"2331";337;381
"2332";338;356
"2333";338;361
"2334";338;385
"2335";342;362
"2336";342;382
"2337";346;363
"2338";347;350
"2339";347;351
"2340";347;380
"2341";349;357
"2342";349;366
"2343";349;379
"2344";349;383
"2345";350;351
"2346";350;380
"2347";351;380
"2348";353;364
"2349";356;361
"2350";356;385
"2351";357;366
"2352";357;379
"2353";357;383
"2354";358;360
"2355";358;361
"2356";358;375
"2357";358;376
"2358";358;385
"2359";359;375
"2360";359;381
"2361";360;361
"2362";360;376
"2363";360;385
"2364";361;375
"2365";361;376
"2366";361;385
"2367";362;382
"2368";363;388
"2369";365;389
"2370";366;379
"2371";366;383
"2372";372;377
"2373";375;381
"2374";375;385
"2375";376;385
"2376";379;383
"2377";384;390
